"SKILL_CODE","CHANNEL","KEYWORDS","ACTION_TYPE","JUMP_TARGET","MCP_PARAMS","EXTRA_PARAMS","CREATED_AT","UPDATED_AT","NAME"
bjs_auth_open,JZYY,"- ""北交所权限""
- ""开北交所""
- ""北交所""
- ""北交所新三板""
- ""北交所联合开通""
- ""新三板北交所""
- ""开四类合格投资者权限""
- ""新三板权限""
- ""四类权限""",JUMP,"21749",,,2026-05-28 10:00:00.000,2026-05-28 10:00:00.000,北交所及新三板联合权限开通
bond_general_corporate_auth,JZYY,"- ""普通投资者公司债""
- ""企业债权限""
- ""债券普户""",JUMP,"21503",,,2026-05-28 10:00:00.000,2026-05-28 10:00:00.000,债券普通投资者公司债企业债权限限制
bond_professional_auth,JZYY,"- ""债券专业投资者""
- ""债券专户""
- ""债券专业户""",JUMP,"20273",,,2026-05-28 10:00:00.000,2026-05-28 10:00:00.000,债券专业投资者开通
bond_professional_cancel_auth,JZYY,"- ""取消债券专户""
- ""关闭债券专业户""
- ""停用债券专户""",JUMP,"20274",,,2026-05-28 10:00:00.000,2026-05-28 10:00:00.000,债券专业投资者取消
bse_bond_general_auth,JZYY,"- ""北交所债券普户""
- ""北交所普通债权限""",JUMP,"21760",,,2026-05-28 10:00:00.000,2026-05-28 10:00:00.000,北交所债券普通投资者权限
bse_neeq_cancel_auth,JZYY,"- ""取消北交所权限""
- ""关闭新三板权限""
- ""停用北交所新三板""
- ""取消四类合格投资者权限""",JUMP,"20265",,,2026-05-28 10:00:00.000,2026-05-28 10:00:00.000,北交所及新三板权限取消
convertible_bond_auth,JZYY,"- ""非定向可转债""
- ""非定向转债权限""
- ""可转债""",JUMP,"20909",,,2026-05-28 10:00:00.000,2026-05-28 10:00:00.000,非定向可转债业务权限设置
credit_bond_professional_auth,JZYY,"- ""信用债券专业户""
- ""信用专债权限""
- ""两融债券专户""",JUMP,"21502",,,2026-05-28 10:00:00.000,2026-05-28 10:00:00.000,信用债券专业投资者开通
credit_register_grow_auth,JZYY,"- ""信用账户创业板""
- ""信用创业板""
- ""两融创业板""",JUMP,"20718",,,2026-05-28 10:00:00.000,2026-05-28 10:00:00.000,信用创业板开通
delisted_confirmation_auth,JZYY,"- ""退市确权""
- ""确权申报""
- ""退市板块确权""",JUMP,"50212",,,2026-05-28 10:00:00.000,2026-05-28 10:00:00.000,退市板块普通确权申报
delisting_prep_auth,JZYY,"- ""退市整理权限""
- ""退市股买入""
- ""整理期权限""",JUMP,"20167",,,2026-05-28 10:00:00.000,2026-05-28 10:00:00.000,退市整理期证券买入权限设置
gem_auth_open,JZYY,"- ""开通创业板""
- ""创业板开通""
- ""创业板权限""
- ""创业板权限开通""
- ""创业板转签""",JUMP,"20251",,,2026-05-28 10:00:00.000,2026-05-28 10:00:00.000,创业板开通
growth_tier_perms_setting,JZYY,"- ""科创成长层""
- ""成长层开通""
- ""北交所权限""",JUMP,"21888",,,2026-05-28 10:00:00.000,2026-05-28 10:00:00.000,科创成长层权限设置
hk_stock_connect_permission,JZYY,"- ""港股通权限开通""
- ""港股通权限""
- ""港股通""
- ""开通港股通""
- ""开通沪港通""",JUMP,"20217",,,2026-05-28 10:00:00.000,2026-05-28 10:00:00.000,港股通权限开通
hk_stock_connect_permission_cancel,JZYY,"- ""取消港股通""
- ""关闭港股通""
- ""停用港股通""",JUMP,"20218",,,2026-05-28 10:00:00.000,2026-05-28 10:00:00.000,港股通权限取消
organ_unified_permission_setting,JZYY,"- ""联合权限设置""
- ""机构权限设置""
- ""一起设置权限""
- ""联合开通""
- ""权限打包""
- ""多权限开通""
- ""一键开通权限""
- ""一次性开多个权限""",JUMP,"20391",,,2026-05-28 10:00:00.000,2026-05-28 10:00:00.000,机构联合权限设置
otc_auth,JZYY,"- ""OTC权限""
- ""柜台交易""
- ""柜台产品权限""",JUMP,"20165",,,2026-05-28 10:00:00.000,2026-05-28 10:00:00.000,OTC柜台交易权限设置
preferred_stock_auth,JZYY,"- ""优先股权限""
- ""开通优先股""
- ""优先股交易""",JUMP,"20163",,,2026-05-28 10:00:00.000,2026-05-28 10:00:00.000,优先股交易权限设置
private_asset_mgmt_permission,JZYY,"- ""私募资管产品合格投资者设置""
- ""私募资管产品合格投资者""
- ""私募资管合格投资者权限""
- ""私募资管合格投资者""
- ""私募资管""
- ""合格投资者""
- ""私募资管资格""
- ""私募合格户""",JUMP,"20185",,,2026-05-28 10:00:00.000,2026-05-28 10:00:00.000,私募资管合格投资者权限
private_equity_investor_status,JZYY,"- ""私募基金产品合格投资者设置""
- ""私募基金合格投资者""
- ""私募合格投资者设置""
- ""私募基金产品投资者""
- ""私募产品合格投资者""
- ""私募投资者设置""",JUMP,"20084",,,2026-05-28 10:00:00.000,2026-05-28 10:00:00.000,私募基金产品合格投资者设置
reverse_repo_auth,JZYY,"- ""通用回购逆回购资质设置""
- ""逆回购开通""
- ""逆回购权限""
- ""债券逆回购""
- ""实时盈""
- ""回购逆回购资质""",JUMP,"20096",,,2026-05-28 10:00:00.000,2026-05-28 10:00:00.000,通用回购逆回购资质设置
risk_warning_auth,JZYY,"- ""风险警示权限""
- ""ST股买入权限""
- ""警示股票开通""
- ""ST股票交易权限开通""",JUMP,"20171",,,2026-05-28 10:00:00.000,2026-05-28 10:00:00.000,风险警示证券买入权限设置
st_stock_limit_auth,JZYY,"- ""ST交易限制""
- ""ST买入比例""
- ""ST股限额""",JUMP,"20768",,,2026-05-28 10:00:00.000,2026-05-28 10:00:00.000,ST股票交易比列设置
star_market_permission,JZYY,"- ""科创板权限设置""
- ""科创板权限""
- ""科创板""
- ""开通科创板""
- ""科创板开通""",JUMP,"20383",,,2026-05-28 10:00:00.000,2026-05-28 10:00:00.000,科创板权限设置
account_label_setting,JZYY,"- ""账户标签设置""
- ""设置账户标签""
- ""账户打标签""
- ""修改账户标签""",JUMP,"20180",,,2026-05-28 10:00:00.000,2026-05-28 10:00:00.000,账户标签设置
account_label_setting_detail,JZYY,"- ""账户标签设置明细""
- ""查看账户标签明细""
- ""账户标签明细""
- ""标签设置详情""",JUMP,"21747",,,2026-05-28 10:00:00.000,2026-05-28 10:00:00.000,账户标签设置（明细）
account_opening_material_review,JZYY,"- ""开户资料审核""
- ""审核开户资料""
- ""开户审核""
- ""资料审核""",JUMP,"20343",,,2026-05-28 10:00:00.000,2026-05-28 10:00:00.000,开户资料审核
aml_risk_list_customer_verification,JZYY,"- ""反洗钱风险名单客户核查""
- ""反洗钱客户核查""
- ""风险名单客户核查""
- ""AML风险客户核查""
- ""反洗钱名单核查""",JUMP,"20349",,,2026-05-28 10:00:00.000,2026-05-28 10:00:00.000,反洗钱风险名单客户核查
asset_certificate,JZYY,"- ""资产证明""
- ""开具资产证明""
- ""资产证明文件""
- ""资产证明申请""
- ""资产证明办理""",JUMP,"21712",,,2026-05-28 10:00:00.000,2026-05-28 10:00:00.000,资产证明
capital_account_restriction_modify,JZYY,"- ""资金账户限制修改""
- ""修改资金账户限制""
- ""资金账户解限""
- ""账户限制变更""",JUMP,"20121",,,2026-05-28 10:00:00.000,2026-05-28 10:00:00.000,资金账户限制修改
capital_account_unfreeze,JZYY,"- ""资金账户解冻""
- ""解冻资金账户""
- ""账户解冻""
- ""资金解冻""",JUMP,"20108",,,2026-05-28 10:00:00.000,2026-05-28 10:00:00.000,资金账户解冻
cash_treasure_account_setting,JZYY,"- ""现金宝产品-账户设置""
- ""现金宝账户设置""
- ""设置现金宝账户""
- ""现金宝产品账户设置""
- ""现金宝账户配置""",JUMP,"20990",,,2026-05-28 10:00:00.000,2026-05-28 10:00:00.000,现金宝产品-账户设置
cifaccount_signup,JZYY,"- ""我要签约""
- ""签个一户通""",JUMP,"20210",,,2026-05-28 10:00:00.000,2026-05-28 10:00:00.000,一户通签约
counter_business_seal_imprint,JZYY,"- ""柜台业务专用章用印""
- ""专用章用印""
- ""盖章""
- ""业务用印""",JUMP,"20772",,,2026-05-28 10:00:00.000,2026-05-28 10:00:00.000,柜台业务专用章用印
customer_paperless_agreement_auth,JZYY,"- ""我要签署无纸化协议""
- ""客户无纸化协议授权""
- ""签单无纸化授权""",JUMP,"20034",,,2026-05-28 10:00:00.000,2026-05-28 10:00:00.000,客户签单无纸化协议授权
delisted_special_rights_declaration,JZYY,"- ""退市板块特殊确权申报""
- ""特殊确权申报""
- ""退市确权""
- ""确权申报""",JUMP,"50213",,,2026-05-28 10:00:00.000,2026-05-28 10:00:00.000,退市板块特殊确权申报
electronic_signature_agreement_sign,JZYY,"- ""签电子签""
- ""电子签协议""",JUMP,"20067",,,2026-05-28 10:00:00.000,2026-05-28 10:00:00.000,签署电子签名约定书
electronic_signature_promise_sign,JZYY,"- ""签电子签承诺函""",JUMP,"20354",,,2026-05-28 10:00:00.000,2026-05-28 10:00:00.000,签署电子签名承诺函
face_recognition_service_agreement_sign,JZYY,"- ""人脸识别协议""
- ""签人脸识别""
- ""我要取消人脸识别""",JUMP,"21135",,,2026-05-28 10:00:00.000,2026-05-28 10:00:00.000,人脸识别验证服务协议签署/取消
id_verify_product_agreement_sign,JZYY,"- ""签身份认证协议""
- ""产品使用协议""",JUMP,"20313",,,2026-05-28 10:00:00.000,2026-05-28 10:00:00.000,签署身份认证产品使用协议
institution_joint_permission_setting,JZYY,"- ""机构联合权限设置""
- ""机构权限联合设置""
- ""联合权限设置""
- ""机构权限配置""
- ""机构联合权限管理""",JUMP,"20391",,,2026-05-28 10:00:00.000,2026-05-28 10:00:00.000,机构联合权限设置
interest_settlement,JZYY,"- ""利息结算""
- ""结算利息""
- ""利息计算""
- ""利息""",JUMP,"30501",,,2026-05-28 10:00:00.000,2026-05-28 10:00:00.000,利息结算
judicial_assistance_query,JZYY,"- ""协助司法查询""
- ""司法查询协助""
- ""司法协助查询""
- ""协助司法机关查询""
- ""司法调查协助""",JUMP,"21909",,,2026-05-28 10:00:00.000,2026-05-28 10:00:00.000,协助司法查询
margin_trading_contract_termination,JZYY,"- ""融资融券合同终止""
- ""融资融券合同解除""
- ""终止融资融券合同""
- ""融资融券合同结束""
- ""融资融券合同注销""",JUMP,"20613",,,2026-05-28 10:00:00.000,2026-05-28 10:00:00.000,融资融券合同终止
position_certificate,JZYY,"- ""持仓证明""
- ""证明持仓""
- ""持仓""
- ""证明""",JUMP,"21733",,,2026-05-28 10:00:00.000,2026-05-28 10:00:00.000,持仓证明
securities_account_opening_seal_imprint,JZYY,"- ""证券账户开户专用章用印""
- ""开户专用章用印""
- ""证券账户开户用印""
- ""开户章用印""
- ""证券开户专用章""",JUMP,"20776",,,2026-05-28 10:00:00.000,2026-05-28 10:00:00.000,证券账户开户专用章用印
small_dormant_account_activation,JZYY,"- ""小额休眠账户激活""
- ""休眠账户激活""
- ""小额账户激活""
- ""激活休眠账户""
- ""休眠账户重新激活""",JUMP,"20071",,,2026-05-28 10:00:00.000,2026-05-28 10:00:00.000,小额休眠账户激活
statement_print,JZYY,"- ""对账单打印""
- ""打印对账单""
- ""打印账单""
- ""账单打印""",JUMP,"20918",,,2026-05-28 10:00:00.000,2026-05-28 10:00:00.000,对账单打印
statement_subscription,JZYY,"- ""账单订阅""
- ""订阅账单""
- ""账单订阅服务""
- ""账单订阅设置""
- ""账单订阅管理""",JUMP,"21188",,,2026-05-28 10:00:00.000,2026-05-28 10:00:00.000,账单订阅
switch_custodian_bank,JZYY,"- ""我要改三方存管银行""
- ""我要改银行信息""",JUMP,"20323",,,2026-05-28 10:00:00.000,2026-05-28 10:00:00.000,三方存管银行变更
trade_agency_revoke,JZYY,"- ""委托交易关系撤销""
- ""撤销委托交易关系""
- ""取消委托交易""
- ""委托关系撤销""
- “改变交易所申报状态”
- “修改交易所指定状态”",JUMP,"50104",,,2026-05-28 10:00:00.000,2026-05-28 10:00:00.000,委托交易关系撤销
vip_setting,JZYY,"- ""VIP设置""
- ""设置VIP""
- ""VIP客户设置""
- ""开通VIP""",JUMP,"21588",,,2026-05-28 10:00:00.000,2026-05-28 10:00:00.000,VIP设置
yht_risk_assessment,JZYY,"- ""一户通风险测评""
- ""一户通做风险评估""
- ""一户通风险等级测评""",JUMP,"21012",,,2026-05-28 10:00:00.000,2026-05-28 10:00:00.000,一户通风险测评
ymt_transfer_hang,JZYY,"- ""一码通转挂""
- ""我要办理一码通转挂""
- ""一码通账户转挂""
- ""账户转挂""",JUMP,"20724",,,2026-05-28 10:00:00.000,2026-05-28 10:00:00.000,一码通转挂
bank_derivatives_account_cancel,JZYY,"- ""银衍账户销户""
- ""银衍销户""
- ""注销银衍账户""
- ""关闭银衍账户""",JUMP,"20824",,,2026-05-28 10:00:00.000,2026-05-28 10:00:00.000,银衍账户销户
bank_securities_transfer_cancel,JZYY,"- ""银证转账销户""
- ""银证销户""
- ""注销银证转账""
- ""取消银证转账""",JUMP,"21194",,,2026-05-28 10:00:00.000,2026-05-28 10:00:00.000,银证转账销户
cancel_application,JZYY,"- ""销户申请""
- ""我要销户""
- ""申请销户""
- ""办理销户""",JUMP,"20177",,,2026-05-28 10:00:00.000,2026-05-28 10:00:00.000,销户申请
cancel_application_detail,JZYY,"- ""销户申请明细""
- ""查看销户明细""
- ""销户明细""
- ""销户申请详情""",JUMP,"21824",,,2026-05-28 10:00:00.000,2026-05-28 10:00:00.000,销户申请（明细）
capital_account_cancel,JZYY,"- ""资金账户销户""
- ""销资金账户""
- ""注销资金账户""
- ""关闭资金账户""",JUMP,"20102",,,2026-05-28 10:00:00.000,2026-05-28 10:00:00.000,资金账户销户
centralized_trading_agent_cancel,JZYY,"- ""集中交易代理人销户""
- ""代理人销户""
- ""集中交易销户""
- ""注销集中交易代理人""",JUMP,"20521",,,2026-05-28 10:00:00.000,2026-05-28 10:00:00.000,集中交易代理人销户
credit_joint_cancel,JZYY,"- ""信用联合销户""
- ""信用账户联合销户""
- ""联合销信用户""
- ""信用销户""",JUMP,"20621",,,2026-05-28 10:00:00.000,2026-05-28 10:00:00.000,信用联合销户
currency_code_cancel,JZYY,"- ""货币代码销户""
- ""货币账户销户""
- ""注销货币代码""
- ""外币代码销户""",JUMP,"20332",,,2026-05-28 10:00:00.000,2026-05-28 10:00:00.000,货币代码销户
forex_capital_account_cancel,JZYY,"- ""外汇资金账户销户""
- ""外汇账户销户""
- ""注销外汇账户""
- ""外汇资金销户""",JUMP,"20154",,,2026-05-28 10:00:00.000,2026-05-28 10:00:00.000,外汇资金账户销户
fund_account_cancel,JZYY,"- ""基金账号销户""
- ""基金账户销户""
- ""注销基金账户""
- ""关闭基金账号""",JUMP,"20402",,,2026-05-28 10:00:00.000,2026-05-28 10:00:00.000,基金账号销户
personal_pension_account_cancel,JZYY,"- ""个人养老金账户销户""
- ""养老金账户销户""
- ""注销养老金账户""
- ""个人养老金销户""",JUMP,"21577",,,2026-05-28 10:00:00.000,2026-05-28 10:00:00.000,个人养老金账户销户
securities_account_cancel,JZYY,"- ""证券账户注销""
- ""注销证券账户""
- ""证券账户销户""
- ""注销证券""",JUMP,"90105",,,2026-05-28 10:00:00.000,2026-05-28 10:00:00.000,证券账户注销
securities_account_close,JZYY,"- ""证券账户销户""
- ""销证券账户""
- ""证券账户注销""
- ""关闭证券账户""",JUMP,"20202",,,2026-05-28 10:00:00.000,2026-05-28 10:00:00.000,证券账户销户
securities_customer_code_joint_cancel,JZYY,"- ""证券客户代码联合销户""
- ""联合销户""
- ""客户代码销户""
- ""证券联合销户""",JUMP,"20511",,,2026-05-28 10:00:00.000,2026-05-28 10:00:00.000,证券客户代码联合销户
yht_cancel,JZYY,"- ""一户通销户""
- ""销一户通""
- ""注销一户通""
- ""一户通账户销户""",JUMP,"20481",,,2026-05-28 10:00:00.000,2026-05-28 10:00:00.000,一户通销户
ymt_account_cancel,JZYY,"- ""一码通账户注销""
- ""注销一码通""
- ""一码通注销""
- ""一码通账户销户""",JUMP,"90104",,,2026-05-28 10:00:00.000,2026-05-28 10:00:00.000,一码通账户注销
account_attribute_modification,JZYY,"- ""修改账户属性""
- ""账户属性变更""
- ""修改我的账户属性""
- ""账户信息属性修改""
- ""更新账户关键标识""
- ""国有属性变更""",JUMP,"20003",,,2026-05-28 10:00:00.000,2026-05-28 10:00:00.000,账户属性修改
general_info_modify,JZYY,"- ""普通信息修改""
- ""修改普通信息""
- ""客户信息修改""",JUMP,"20002",,,2026-05-28 10:00:00.000,2026-05-28 10:00:00.000,普通信息修改
id_info_update,JZYY,"- ""改身份证""
- ""改证件信息""
- ""身份证信息不一致""
- ""账户信息不一致""",JUMP,"20064",,,2026-05-28 10:00:00.000,2026-05-28 10:00:00.000,身份证件信息修改
institution_info_joint_modify,JZYY,"- ""机构信息联合修改""
- ""机构信息修改""
- ""联合修改""
- ""机构修改""",JUMP,"20384",,,2026-05-28 10:00:00.000,2026-05-28 10:00:00.000,机构信息联合修改
yht_contact_info_modify,JZYY,"- ""修改一户通联系信息""
- ""一户通联系方式修改""
- ""一户通手机号修改""
- ""联系信息修改""",JUMP,"21011",,,2026-05-28 10:00:00.000,2026-05-28 10:00:00.000,一户通联系信息修改
capital_account_opening,JZYY,"- ""资金账户开户""
- ""资金账户""
- ""开资金账户""
- ""信用资金账户""
- ""开信用资金账户""",JUMP,"20101",,,2026-05-28 10:00:00.000,2026-05-28 10:00:00.000,资金账户开户
credit_account_opening,JZYY,"- ""信用账户联合开户""
- ""信用账户""
- ""融资融券""
- ""两融开户""
- “开融资融券账户”",JUMP,"20601",,,2026-05-28 10:00:00.000,2026-05-28 10:00:00.000,信用账户联合开户
customer_code_open_account,JZYY,"- ""客户代码开户""
- ""我要开户""
- ""新客户开户""",JUMP,"20001",,,2026-05-28 10:00:00.000,2026-05-28 10:00:00.000,客户代码开户
forex_customer_open_account,JZYY,"- ""开外汇账户""
- ""外汇客户代码开户""
- ""外汇开户""",JUMP,"20151",,,2026-05-28 10:00:00.000,2026-05-28 10:00:00.000,外汇客户代码开户
fund_account_opening,JZYY,"- ""基金账号开户""
- ""基金账号""
- ""TA账户""",JUMP,"21301",,,2026-05-28 10:00:00.000,2026-05-28 10:00:00.000,基金账户开户
money_type_opening,JZYY,"- ""货币开户""
- ""货币代码开户""
- ”申请外币交易权限“
- ”开港币和美元交易权限“",JUMP,"20103",,,2026-05-28 10:00:00.000,2026-05-28 10:00:00.000,货币代码开户
options_joint_opening,JZYY,"- ""我要开期权户""
- ""期权开户""",JUMP,"20801",,,2026-05-28 10:00:00.000,2026-05-28 10:00:00.000,期权联合开户
securities_account_opening,JZYY,"- ""证券账户开户""
- ""证券账户""
- ""股东账户""
- ""开封闭式基金""
- ""股票交易权限""
- ”炒股开户“",JUMP,"20201",,,2026-05-28 10:00:00.000,2026-05-28 10:00:00.000,证券账户开户
securities_fund_account_opening,JZYY,"- ""证券理财账户开户""
- ""开证券理财""
- ""开通证券理财账户""
- ""开通OTC账户""
- ""理财账户开户""
- ""理财资金账户""
- ""理财资金账户开户""",JUMP,"20350",,,2026-05-28 10:00:00.000,2026-05-28 10:00:00.000,证券理财账户开户
third_party_open,JZYY,"- ""绑定银行卡""
- ""银行卡开户""
- ""我要办三方存管""",JUMP,"20321",,,2026-05-28 10:00:00.000,2026-05-28 10:00:00.000,三方存管开户
trade_agency_establish,JZYY,"- ""建立委托交易关系""
- ""委托交易关系设定""
- ""修改指定交易状态""
- ""办理指定交易""
- ""建立指定交易""
- ""修改交易所指定状态""",JUMP,"50102",,,2026-05-28 10:00:00.000,2026-05-28 10:00:00.000,委托交易关系建立
unified_account_opening,JZYY,"- ""联合开户""
- ""开户""
- ""一起开户""
- ""开封闭式基金""
- ""一户通开户""",JUMP,"20000",,,2026-05-28 10:00:00.000,2026-05-28 10:00:00.000,联合开户
busin_password_update,JZYY,"- ""改密码""
- ""换密码""
- ""修改（而不是忘记）资金密码""",JUMP,"20007",,,2026-05-28 10:00:00.000,2026-05-28 10:00:00.000,资金密码修改
cifaccount_password_update,JZYY,"- ""改密码""
- ""换密码""
- ""修改（而不是忘记）一户通密码""",JUMP,"21005",,,2026-05-28 10:00:00.000,2026-05-28 10:00:00.000,一户通密码修改
password_reset_unlock,JZYY,"- ""密码重置解锁""
- ""重置密码""
- ""账户密码解锁""
- ""密码锁定解锁""",JUMP,"20021",,,2026-05-28 10:00:00.000,2026-05-28 10:00:00.000,密码重置解锁
quick_password_reset,JZYY,"- ""修改重置密码""
- ""改密码""
- ""忘记密码""
- ""密码不记得""
- ""不记得密码""
- ""忘了一户通密码""
- ""忘了交易密码""
- ""忘了资金密码""
- ""忘了支付密码""",JUMP,"21007",,,2026-05-28 10:00:00.000,2026-05-28 10:00:00.000,快捷密码重置
transaction_password_update,JZYY,"- ""改密码""
- ""换密码""
- ""修改（而不是忘记）支付密码""
- ""修改（而不是忘记）交易密码""",JUMP,"20009",,,2026-05-28 10:00:00.000,2026-05-28 10:00:00.000,交易密码修改
yht_password_reset,JZYY,"- ""一户通密码重置""
- ""重置一户通密码""
- ""一户通忘记密码""
- ""忘记一户通密码""",JUMP,"21006",,,2026-05-28 10:00:00.000,2026-05-28 10:00:00.000,一户通密码重置
statement_query,JZYY,"- ""对账单查询""
- ""对账单""
- ""查对账单""
- ""账单""
- ”查交易流水“
- ”查交易记录“",JUMP,"20488",,,2026-05-28 10:00:00.000,2026-05-28 10:00:00.000,对账单查询
suitability_info_inquiry,JZYY,"- ""我的风险等级在哪看""
- ""我的账户权限有问题吗""
- ""查一下适当性信息""",JUMP,"90153",,,2026-05-28 10:00:00.000,2026-05-28 10:00:00.000,适当性管理信息查询
ukey_certificate_apply,JZYY,"- ""UKEY数字证书申请""
- ""申请UKEY证书""
- ""数字证书申请""
- ""办理UKEY数字证书""",JUMP,"21808",,,2026-05-28 10:00:00.000,2026-05-28 10:00:00.000,UKEY数字证书申请
ukey_certificate_manage,JZYY,"- ""UKEY数字证书管理""
- ""管理UKEY证书""
- ""数字证书管理""
- ""UKEY证书管理""
- ""UKEY证书签发""
- ""UKEY证书更新""",JUMP,"21807",,,2026-05-28 10:00:00.000,2026-05-28 10:00:00.000,UKEY数字证书管理
ukey_certificate_revoke,JZYY,"- ""UKEY数字证书作废""
- ""注销UKEY证书""
- ""数字证书作废""",JUMP,"20948",,,2026-05-28 10:00:00.000,2026-05-28 10:00:00.000,UKEY数字证书作废
bjs_auth_open,VTM,"- ""北交所权限""
- ""开北交所""
- ""北交所""
- ""北交所新三板""
- ""北交所联合开通""
- ""新三板北交所""
- ""开四类合格投资者权限""
- ""新三板权限""
- ""四类权限""",JUMP,/userlogin/judge?flowId=userlogin&busicode=21749,,,2026-05-28 10:00:00.000,2026-05-28 10:00:00.000,北交所及新三板联合权限开通
bond_general_corporate_auth,VTM,"- ""普通投资者公司债""
- ""企业债权限""
- ""债券普户""",JUMP,/userlogin/judge?flowId=userlogin&busicode=9984&businessCode=21503,,,2026-05-28 10:00:00.000,2026-05-28 10:00:00.000,债券普通投资者公司债企业债权限限制
bond_professional_auth,VTM,"- ""债券专业投资者""
- ""债券专户""
- ""债券专业户""",JUMP,/userlogin/judge?flowId=userlogin&busicode=9984&businessCode=20273,,,2026-05-28 10:00:00.000,2026-05-28 10:00:00.000,债券专业投资者开通
bond_professional_cancel_auth,VTM,"- ""取消债券专户""
- ""关闭债券专业户""
- ""停用债券专户""",JUMP,/userlogin/judge?flowId=userlogin&busicode=9984&businessCode=20274,,,2026-05-28 10:00:00.000,2026-05-28 10:00:00.000,债券专业投资者取消
bse_bond_general_auth,VTM,"- ""北交所债券普户""
- ""北交所普通债权限""",JUMP,/userlogin/judge?flowId=userlogin&busicode=9984&businessCode=21760,,,2026-05-28 10:00:00.000,2026-05-28 10:00:00.000,北交所债券普通投资者权限
bse_neeq_cancel_auth,VTM,"- ""取消北交所权限""
- ""关闭新三板权限""
- ""停用北交所新三板""
- ""取消四类合格投资者权限""",JUMP,/userlogin/judge?flowId=userlogin&busicode=9984&businessCode=20265,,,2026-05-28 10:00:00.000,2026-05-28 10:00:00.000,北交所及新三板权限取消
convertible_bond_auth,VTM,"- ""非定向可转债""
- ""非定向转债权限""
- ""可转债""",JUMP,/userlogin/judge?flowId=userlogin&busicode=9984&businessCode=20909,,,2026-05-28 10:00:00.000,2026-05-28 10:00:00.000,非定向可转债业务权限设置
credit_bond_professional_auth,VTM,"- ""信用债券专业户""
- ""信用专债权限""
- ""两融债券专户""",JUMP,/userlogin/judge?flowId=userlogin&busicode=9984&businessCode=21502,,,2026-05-28 10:00:00.000,2026-05-28 10:00:00.000,信用债券专业投资者开通
credit_register_grow_auth,VTM,"- ""信用账户创业板""
- ""信用创业板""
- ""两融创业板""",JUMP,/userlogin/judge?flowId=userlogin&busicode=9984&businessCode=20718,,,2026-05-28 10:00:00.000,2026-05-28 10:00:00.000,信用创业板开通
delisted_confirmation_auth,VTM,"- ""退市确权""
- ""确权申报""
- ""退市板块确权""",JUMP,/userlogin/judge?flowId=userlogin&busicode=50212,,,2026-05-28 10:00:00.000,2026-05-28 10:00:00.000,退市板块普通确权申报
delisting_prep_auth,VTM,"- ""退市整理权限""
- ""退市股买入""
- ""整理期权限""",JUMP,/userlogin/judge?flowId=userlogin&busicode=9984&businessCode=20167,,,2026-05-28 10:00:00.000,2026-05-28 10:00:00.000,退市整理期证券买入权限设置
gem_auth_open,VTM,"- ""开通创业板""
- ""创业板开通""
- ""创业板权限""
- ""创业板转签""",JUMP,/userlogin/judge?flowId=userlogin&busicode=9984&businessCode=20251,,,2026-05-28 10:00:00.000,2026-05-28 10:00:00.000,创业板开通
growth_tier_perms_setting,VTM,"- ""科创成长层""
- ""成长层开通""
- ""北交所权限""",JUMP,/userlogin/judge?flowId=userlogin&busicode=9984&businessCode=21888,,,2026-05-28 10:00:00.000,2026-05-28 10:00:00.000,科创成长层权限设置
hk_stock_connect_permission,VTM,"- ""港股通权限开通""
- ""港股通权限""
- ""港股通""
- ""开通港股通""
- ""开通沪港通""",JUMP,/userlogin/judge?flowId=userlogin&busicode=9984&businessCode=20217,,,2026-05-28 10:00:00.000,2026-05-28 10:00:00.000,港股通权限开通
hk_stock_connect_permission_cancel,VTM,"- ""取消港股通""
- ""关闭港股通""
- ""停用港股通""",JUMP,/userlogin/judge?flowId=userlogin&busicode=9984&businessCode=20218,,,2026-05-28 10:00:00.000,2026-05-28 10:00:00.000,港股通权限取消
otc_auth,VTM,"- ""OTC权限""
- ""柜台交易""
- ""柜台产品权限""",JUMP,/userlogin/judge?flowId=userlogin&busicode=9984&businessCode=20165,,,2026-05-28 10:00:00.000,2026-05-28 10:00:00.000,OTC柜台交易权限设置
preferred_stock_auth,VTM,"- ""优先股权限""
- ""开通优先股""
- ""优先股交易""",JUMP,/userlogin/judge?flowId=userlogin&busicode=9984&businessCode=20163,,,2026-05-28 10:00:00.000,2026-05-28 10:00:00.000,优先股交易权限设置
private_asset_mgmt_permission,VTM,"- ""私募资管合格投资者权限""
- ""私募资管合格投资者""
- ""私募资管""
- ""合格投资者""
- ""私募资管资格""
- ""私募合格户""",JUMP,/userlogin/judge?flowId=userlogin&busicode=9984&businessCode=20185,,,2026-05-28 10:00:00.000,2026-05-28 10:00:00.000,私募资管合格投资者权限
private_equity_investor_status,VTM,"- ""私募投资者身份设定""
- ""私募投资者身份""
- ""私募投资者""
- ""私募身份""
- ""私募资格""
- ""私募基金合格投资者""
- ""私募基金产品合格投资者设置""",JUMP,/userlogin/judge?flowId=userlogin&busicode=9984&businessCode=20084,,,2026-05-28 10:00:00.000,2026-05-28 10:00:00.000,私募基金产品合格投资者设置
reverse_repo_auth,VTM,"- ""逆回购开通""
- ""逆回购权限""
- ""债券逆回购""
- ""实时盈""
- ""通用回购逆回购资质""
- ""通用回购资质设置""",JUMP,/userlogin/judge?flowId=userlogin&busicode=9984&businessCode=20096,,,2026-05-28 10:00:00.000,2026-05-28 10:00:00.000,通用回购逆回购资质设置
risk_warning_auth,VTM,"- ""风险警示权限""
- ""ST股买入权限""
- ""警示股票开通""",JUMP,/userlogin/judge?flowId=userlogin&busicode=9984&businessCode=20171,,,2026-05-28 10:00:00.000,2026-05-28 10:00:00.000,风险警示证券买入权限设置
st_stock_limit_auth,VTM,"- ""ST交易限制""
- ""ST买入比例""
- ""ST股限额""",JUMP,/userlogin/judge?flowId=userlogin&busicode=20768,,,2026-05-28 10:00:00.000,2026-05-28 10:00:00.000,ST股票交易比列设置
star_market_permission,VTM,"- ""科创板权限设置""
- ""科创板权限""
- ""科创板""
- ""开通科创板""
- ""科创板开通""",JUMP,/userlogin/judge?flowId=userlogin&busicode=9984&businessCode=20383,,,2026-05-28 10:00:00.000,2026-05-28 10:00:00.000,科创板权限设置
unified_permission_setting,VTM,"- ""联合权限设置""
- ""权限设置""
- ""一起设置权限""
- ""权限购物车""
- ""联合开通""
- ""权限打包""
- ""多权限开通""
- ""一键开通权限""",JUMP,/userlogin/judge?flowId=userlogin&busicode=9984,,,2026-05-28 10:00:00.000,2026-05-28 10:00:00.000,联合权限设置
block_trade_promise_sign,VTM,"- ""大宗承诺函""
- ""我要签大宗交易""",JUMP,/userlogin/judge?flowId=userlogin&busicode=50204,,,2026-05-28 10:00:00.000,2026-05-28 10:00:00.000,大宗交易股份承诺函签署
busin_password_update,VTM,"- ""改密码""
- ""换密码""
- ""修改（而不是忘记）资金密码""",JUMP,/base/checkdevice?flowId=fundsaccountpwdchange,,,2026-05-28 10:00:00.000,2026-05-28 10:00:00.000,资金密码修改
cancel_custody,VTM,"- ""撤销三方存管""",JUMP,/base/checkdevice?flowId=depositorybankundo,,,2026-05-28 10:00:00.000,2026-05-28 10:00:00.000,三方存管撤销
cifaccount_password_update,VTM,"- ""改密码""
- ""换密码""
- ""修改（而不是忘记）一户通密码""",JUMP,/base/checkdevice?flowId=cifaccountpwdchange,,,2026-05-28 10:00:00.000,2026-05-28 10:00:00.000,一户通密码修改
cifaccount_signup,VTM,"- ""我要签约""
- ""签个一户通""",JUMP,/userlogin/judge?flowId=userlogin&busicode=20210,,,2026-05-28 10:00:00.000,2026-05-28 10:00:00.000,一户通签约
electronic_signature_agreement_sign,VTM,"- ""签电子签""
- ""电子签协议""",JUMP,/userlogin/judge?flowId=userlogin&busicode=20067,,,2026-05-28 10:00:00.000,2026-05-28 10:00:00.000,签署电子签名约定书
electronic_signature_promise_sign,VTM,"- ""签电子签承诺函""",JUMP,/userlogin/judge?flowId=userlogin&busicode=20354,,,2026-05-28 10:00:00.000,2026-05-28 10:00:00.000,签署电子签名承诺函
face_recognition_service_agreement_sign,VTM,"- ""人脸识别协议""
- ""签人脸识别""
- ""我要取消人脸识别""",JUMP,/base/checkdevice?flowId=signfaceagreement,,,2026-05-28 10:00:00.000,2026-05-28 10:00:00.000,人脸识别验证服务协议签署/取消
financial_product,VTM,"- ""看金融产品""
- ""买金融产品""
- ""买金融产品""",JUMP,/userlogin/judge?flowId=userlogin&busicode=9001,,,2026-05-28 10:00:00.000,2026-05-28 10:00:00.000,金融产品
id_info_update,VTM,"- ""改身份证""
- ""改证件信息""
- ""身份证信息不一致""
- ""账户信息不一致""",JUMP,/userlogin/judge?flowId=userlogin&busicode=20064,,,2026-05-28 10:00:00.000,2026-05-28 10:00:00.000,身份证件信息修改
id_verify_product_agreement_sign,VTM,"- ""签身份认证协议""
- ""产品使用协议""",JUMP,/userlogin/judge?flowId=userlogin&busicode=20313,,,2026-05-28 10:00:00.000,2026-05-28 10:00:00.000,签署身份认证产品使用协议
quick_password_reset,VTM,"- ""修改重置密码""
- ""改密码""
- ""忘记密码""
- ""密码不记得""
- ""不记得密码""
- ""忘了一户通密码""
- ""忘了交易密码""
- ""忘了资金密码""
- ""忘了支付密码""",JUMP,/base/checkdevice?flowId=resetpassword,,,2026-05-28 10:00:00.000,2026-05-28 10:00:00.000,快捷密码重置
yht_risk_assessment,VTM,"- ""我要做测评""
- ""怎么做风险测评""
- ""风险测评过期""",JUMP,/userlogin/judge?flowId=userlogin&busicode=21012,,,2026-05-28 10:00:00.000,2026-05-28 10:00:00.000,风险测评
risk_prediction_assessment,VTM,"- ""我要做风险预测""",JUMP,/base/checkdevice?flowId=avantriskassessment,,,2026-05-28 10:00:00.000,2026-05-28 10:00:00.000,风险预测评
switch_custodian_bank,VTM,"- ""我要改三方存管银行""
- ""我要改银行信息""",JUMP,/base/checkdevice?flowId=depositorybankupdate,,,2026-05-28 10:00:00.000,2026-05-28 10:00:00.000,三方存管银行变更
transaction_password_update,VTM,"- ""改密码""
- ""换密码""
- ""修改（而不是忘记）支付密码""
- ""修改（而不是忘记）交易密码""",JUMP,/base/checkdevice?flowId=custaccountpwdchange,,,2026-05-28 10:00:00.000,2026-05-28 10:00:00.000,交易密码修改
update_account_info,VTM,"- ""修改地址""
- ""修改名字""
- ""修改手机号""
- ""账户信息修改""
- ""账户信息不一致""",JUMP,/userlogin/judge?flowId=userlogin&busicode=9993,,,2026-05-28 10:00:00.000,2026-05-28 10:00:00.000,账户信息修改
credit_joint_cancel,VTM,"- ""信用联合销户""
- ""信用账户联合销户""
- ""联合销户信用""",JUMP,/userlogin/judge?flowId=userlogin&busicode=20621,,,2026-05-28 10:00:00.000,2026-05-28 10:00:00.000,信用联合销户
fund_account_cancel,VTM,"- ""基金账号销户""
- ""基金账户销户""
- ""销户基金账号""",JUMP,/userlogin/judge?flowId=userlogin&busicode=20402,,,2026-05-28 10:00:00.000,2026-05-28 10:00:00.000,基金账号销户
fund_trading_account_closing,VTM,"- ""基金交易账号销户""
- ""基金交易账户销户""
- ""销户基金交易账号""",JUMP,/userlogin/judge?flowId=userlogin&busicode=20409,,,2026-05-28 10:00:00.000,2026-05-28 10:00:00.000,基金交易账号销户
margin_trading_contract_termination,VTM,"- ""融资融券合同终止""
- ""融资融券终止""
- ""终止融资融券合同""",JUMP,/userlogin/judge?flowId=userlogin&busicode=20613,,,2026-05-28 10:00:00.000,2026-05-28 10:00:00.000,融资融券合同终止
securities_account_cancel,VTM,"- ""证券账户注销""
- ""注销证券账户""
- ""股东账户注销""",JUMP,/userlogin/judge?flowId=userlogin&busicode=90105,,,2026-05-28 10:00:00.000,2026-05-28 10:00:00.000,证券账户注销
securities_account_close,VTM,"- ""证券账户销户""
- ""股东账户销户""
- ""股票账户销户""
- ""销户证券账户""
- ""我要换券商""
- ""销股东账户""",JUMP,/userlogin/judge?flowId=userlogin&busicode=20202,,,2026-05-28 10:00:00.000,2026-05-28 10:00:00.000,证券账户销户
securities_customer_code_joint_cancel,VTM,"- ""证券客户代码联合销户""
- ""客户代码联合销户""
- ""联合销户客户代码""",JUMP,/userlogin/judge?flowId=userlogin&busicode=20511,,,2026-05-28 10:00:00.000,2026-05-28 10:00:00.000,证券客户代码联合销户
securities_financial_account_closing,VTM,"- ""证券理财账户销户""
- ""理财账户销户""
- ""销户理财账户""",JUMP,/userlogin/judge?flowId=userlogin&busicode=22002,,,2026-05-28 10:00:00.000,2026-05-28 10:00:00.000,证券理财账户销户
securities_transfer_custody,VTM,"- ""证券转托管""
- ""转托管""
- ""证券转出""",JUMP,/userlogin/judge?flowId=userlogin&busicode=50201,,,2026-05-28 10:00:00.000,2026-05-28 10:00:00.000,证券转托管
trade_agency_revoke,VTM,"- ""撤销委托交易关系""
- ""委托交易关系撤销""
- ""更改股东账户状态""",JUMP,/userlogin/judge?flowId=userlogin&busicode=50104,,,2026-05-28 10:00:00.000,2026-05-28 10:00:00.000,委托交易关系撤销
ymt_account_cancel,VTM,"- ""一码通账户注销""
- ""一码通注销""
- ""注销一码通""
- ""中登账户销户""",JUMP,/userlogin/judge?flowId=userlogin&busicode=90104,,,2026-05-28 10:00:00.000,2026-05-28 10:00:00.000,一码通账户注销
capital_account_opening,VTM,"- ""资金账户开户""
- ""资金账户""
- ""开资金账户""",JUMP,/base/checkdevice?flowId=openfundid,,,2026-05-28 10:00:00.000,2026-05-28 10:00:00.000,资金账户开户
credit_account_opening,VTM,"- ""信用账户联合开户""
- ""信用账户""
- ""融资融券""
- ""两融""",JUMP,/base/checkdevice?flowId=opencreditaccount,,,2026-05-28 10:00:00.000,2026-05-28 10:00:00.000,信用账户联合开户
fund_account_opening,VTM,"- ""基金账户开户""
- ""基金账户""
- ""TA账户""",JUMP,/base/checkdevice?flowId=fundopenaccount,,,2026-05-28 10:00:00.000,2026-05-28 10:00:00.000,基金账户开户
small_dormant_account_activation,VTM,"- ""我要做不规范休眠账户激活""
- ""我要激活不规范休眠账户""
- ""休眠账户""
- ""激活休眠""",JUMP,/userlogin/judge?flowId=userlogin&busicode=20071,,,2026-05-28 10:00:00.000,2026-05-28 10:00:00.000,不规范休眠账户激活
money_type_opening,VTM,"- ""货币开户""
- ""货币代码开户""",JUMP,/userlogin/judge?flowId=userlogin&busicode=20103,,,2026-05-28 10:00:00.000,2026-05-28 10:00:00.000,货币代码开户
options_joint_opening,VTM,"- ""我要开期权户""
- ""期权开户""",JUMP,/userlogin/judge?flowId=userlogin&busicode=20801,,,2026-05-28 10:00:00.000,2026-05-28 10:00:00.000,期权联合开户
securities_account_opening,VTM,"- ""证券账户开户""
- ""证券账户""
- ""股东账户""
- ""开封闭式基金""
- ""股票交易权限""
- ""股转账户""
- ""信用北交所账户""",JUMP,/userlogin/judge?flowId=userlogin&busicode=20201,,,2026-05-28 10:00:00.000,2026-05-28 10:00:00.000,证券账户开户
securities_fund_account_opening,VTM,"- ""开证券理财""
- ""证券理财账户开户""
- ""开通OTC账户""",JUMP,/userlogin/judge?flowId=userlogin&busicode=20350,,,2026-05-28 10:00:00.000,2026-05-28 10:00:00.000,证券理财账户开户
third_party_open,VTM,"- ""绑定银行卡""
- ""银行卡开户""
- ""我要办三方存管""",JUMP,/base/checkdevice?flowId=depositbankopen,,,2026-05-28 10:00:00.000,2026-05-28 10:00:00.000,三方存管开户
trade_agency_establish,VTM,"- ""建立委托交易关系""
- ""委托交易关系设定""
- ""更改股东账户状态""",JUMP,/userlogin/judge?flowId=userlogin&busicode=50102,,,2026-05-28 10:00:00.000,2026-05-28 10:00:00.000,委托交易关系建立
unified_account_opening,VTM,"- ""联合开户""
- ""开户""
- ""一起开户""
- ""开封闭式基金""
- ""一户通开户""
- ""一户通账户开户""",JUMP,/userlogin/judge?flowId=userlogin&busicode=20000,,,2026-05-28 10:00:00.000,2026-05-28 10:00:00.000,联合开户
account_analysis,VTM,"- ""账户分析""
- ""分析账户""
- ""资产分析""",JUMP,/userlogin/judge?flowId=userlogin&busicode=8005,,,2026-05-28 10:00:00.000,2026-05-28 10:00:00.000,账户分析
account_health_check,VTM,"- ""账户体检""
- ""看看我的账户健康吗""
- ""资金体检""
- ""诊断账户""
- ""账户状态检测""",JUMP,/userlogin/judge?flowId=userlogin&busicode=23112,,,2026-05-28 10:00:00.000,2026-05-28 10:00:00.000,账户体检
account_inquiry_test,VTM,"- ""账户信息查询""
- ""账户完整性信息""
- ""账户查询与检测""
- ""业务适当性查询""
- ""基本信息查询""
- ""联系信息查询""
- ""一户通信息查询""
- ""客户信息查询""",JUMP,/userlogin/judge?flowId=userlogin&busicode=8008,,,2026-05-28 10:00:00.000,2026-05-28 10:00:00.000,账户查询与检测
agreement_signing_inquiry,VTM,"- ""协议签好了吗""
- ""翻一下我签的合同""
- ""协议在哪看""",JUMP,/userlogin/judge?flowId=userlogin&busicode=8006,,,2026-05-28 10:00:00.000,2026-05-28 10:00:00.000,签署协议查询
asset_inquiry,VTM,"- ""我的账户有多少钱""
- ""查一下余额""
- ""帮我看看资产情况""
- ""有没有到账""",JUMP,/userlogin/judge?flowId=userlogin&busicode=21820,,,2026-05-28 10:00:00.000,2026-05-28 10:00:00.000,资产查询
business_status_inquiry,VTM,"- ""查一下进度""
- ""业务进度查询""
- ""我办了哪些业务""
- ""我上次办了哪些业务""
- ""办了什么业务""",JUMP,/userlogin/judge?flowId=userlogin&busicode=8001,,,2026-05-28 10:00:00.000,2026-05-28 10:00:00.000,业务办理进度查询
delivery_note_inquiry,VTM,"- ""帮我翻一下交割记录""
- ""找一下交割凭证""
- ""交割单在哪查""",JUMP,/userlogin/judge?flowId=userlogin&busicode=8004,,,2026-05-28 10:00:00.000,2026-05-28 10:00:00.000,交割单查询
personalized_homepage,VTM,"- ""个性化首页""
- ""首页设置""
- ""自定义首页""",JUMP,/userlogin/judge?flowId=userlogin&busicode=7700,,,2026-05-28 10:00:00.000,2026-05-28 10:00:00.000,个性化首页
statement_query,VTM,"- ""对账单查询""
- ""对账单""
- ""查对账单""
- ""账单""
- ""看对账单""",JUMP,/userlogin/judge?flowId=userlogin&busicode=21822,,,2026-05-28 10:00:00.000,2026-05-28 10:00:00.000,对账单查询
suitability_info_inquiry,VTM,"- ""我的风险等级在哪看""
- ""我的账户权限有问题吗""
- ""查一下适当性信息""",JUMP,/userlogin/judge?flowId=userlogin&busicode=8007,,,2026-05-28 10:00:00.000,2026-05-28 10:00:00.000,适当性管理信息查询
account_opening_dual_record,VTM,"- ""开户要录像吗""
- ""视频认证怎么做""
- ""开通交易权限要双录吗""",JUMP,/userlogin/judge?flowId=userlogin&busicode=9996&subCode=153,,,2026-05-28 10:00:00.000,2026-05-28 10:00:00.000,开户类，股票交易双录
agreed_buyback_dual_record,VTM,"- ""约定购回式证券交易申请双录""
- ""约定购回业务开通双录""
- ""约定购回交易权限双录""",JUMP,/userlogin/judge?flowId=userlogin&busicode=9997&subCode=155,,,2026-05-28 10:00:00.000,2026-05-28 10:00:00.000,约定购回式证券交易业务双录
bond_qualified_investor_dual_record,VTM,"- ""债券市场合格投资者双录""
- ""债券质押式回购资格双录""",JUMP,/userlogin/judge?flowId=userlogin&busicode=9997&subCode=account0008,,,2026-05-28 10:00:00.000,2026-05-28 10:00:00.000,债券市场合格投资者双录
bse_qualified_investor_dual_record,VTM,"- ""北交所双录""
- ""北交所业务双录""
- ""北证交易权限双录""
- ""北交所合格投资者双录""",JUMP,/userlogin/judge?flowId=userlogin&busicode=9997&subCode=account0035,,,2026-05-28 10:00:00.000,2026-05-28 10:00:00.000,北交所合格投资者双录
convertible_bond_dual_record,VTM,"- ""可转债交易双录""
- ""开通可转债双录""",JUMP,/userlogin/judge?flowId=userlogin&busicode=9997&subCode=account0028,,,2026-05-28 10:00:00.000,2026-05-28 10:00:00.000,可转债业务双录
delisting_period_dual_record,VTM,"- ""买退市股""
- ""整理期股票怎么买""",JUMP,/userlogin/judge?flowId=userlogin&busicode=9997&subCode=account0017,,,2026-05-28 10:00:00.000,2026-05-28 10:00:00.000,退市整理期股票双录
forex_account_opening,VTM,"- ""外汇账户联合开户""
- ""外汇账户""
- ""外汇开户""",JUMP,/userlogin/judge?flowId=userlogin&busicode=9996&subCode=271,,,2026-05-28 10:00:00.000,2026-05-28 10:00:00.000,外汇账户联合开户双录
gem_market_access_dual_record,VTM,"- ""创业板双录""
- ""买创业板股票双录""",JUMP,/userlogin/judge?flowId=userlogin&busicode=9997&subCode=account0003,,,2026-05-28 10:00:00.000,2026-05-28 10:00:00.000,创业板市场交易权限双录
h_share_full_circulation,VTM,"- ""H股全流通业务""
- ""H股全流通""
- ""H股""
- ""全流通""
- ""港股全流通""",JUMP,/userlogin/judge?flowId=userlogin&busicode=9996&subCode=322,,,2026-05-28 10:00:00.000,2026-05-28 10:00:00.000,H股全流通业务双录
hkt_double_record,VTM,"- ""我要港股通双录""
- ""港股通双录""",JUMP,/userlogin/judge?flowId=userlogin&busicode=9997&subCode=account0012,,,2026-05-28 10:00:00.000,2026-05-28 10:00:00.000,港股通业务双录
innovative_firm_cdr_dual_record,VTM,"- ""试点创新企业股票交易双录""
- ""存托凭证交易""
- ""CDR交易""
- ""试点股票""",JUMP,/userlogin/judge?flowId=userlogin&busicode=9997&subCode=account0029,,,2026-05-28 10:00:00.000,2026-05-28 10:00:00.000,试点创新企业股票或存托凭证交易双录
margin_trading_double_record,VTM,"- ""融资融券双录""
- ""两融双录""
- ""双录融资融券""
- ""我要做两融双录""
- ""帮我做两融双录""
- ""借我五千元""
- ""融资融券双录""
- ""开两融账户双录""
- ""融资买入、融券卖出""",JUMP,/userlogin/judge?flowId=userlogin&busicode=9997&subCode=150,,,2026-05-28 10:00:00.000,2026-05-28 10:00:00.000,融资融券业务双录
neeq_basic_dual_record,VTM,"- ""新三板二类双录""
- ""新三板基础层""
- ""新三板二类业务双录""
- ""股转系统二类权限双录""
- ""二类投资者双录""",JUMP,/userlogin/judge?flowId=userlogin&busicode=9997&subCode=account0023,,,2026-05-28 10:00:00.000,2026-05-28 10:00:00.000,全国股转系统-二类合格投资者双录
neeq_delisted_shares_dual_record,VTM,"- ""两网退市怎么弄""
- ""我不能买这个退市股""
- ""开通退市股交易""",JUMP,/userlogin/judge?flowId=userlogin&busicode=9997&subCode=account0006,,,2026-05-28 10:00:00.000,2026-05-28 10:00:00.000,全国中小企业股份转让系统-两网退市双录
neeq_innovation_dual_record,VTM,"- ""新三板一类业务双录""
- ""股转系统一类权限双录""
- ""一类投资者双录""",JUMP,/userlogin/judge?flowId=userlogin&busicode=9997&subCode=account0005,,,2026-05-28 10:00:00.000,2026-05-28 10:00:00.000,全国股转系统-一类合格投资者双录
neeq_type4_investor_dual_record,VTM,"- ""新三板四类合格投资者申请双录""
- ""新三板合格投资者权限开通双录""
- ""四类合格投资者双录""",JUMP,/userlogin/judge?flowId=userlogin&busicode=9997&subCode=account0007,,,2026-05-28 10:00:00.000,2026-05-28 10:00:00.000,全国中小企业股份转让系统-四类合格投资者双录
option_level1_open_dual_record,VTM,"- ""股票期权一级权限开通""
- ""期权一级交易资格申请""
- ""期权一级双录""",JUMP,/userlogin/judge?flowId=userlogin&busicode=9997&subCode=account0013,,,2026-05-28 10:00:00.000,2026-05-28 10:00:00.000,股票期权业务一级权限开通双录
option_level2_open_dual_record,VTM,"- ""股票期权二级权限开通""
- ""期权二级交易资格申请""
- ""期权二级双录""",JUMP,/userlogin/judge?flowId=userlogin&busicode=9997&subCode=202,,,2026-05-28 10:00:00.000,2026-05-28 10:00:00.000,股票期权业务二级权限开通双录
option_level3_open_dual_record,VTM,"- ""期权三级双录""",JUMP,/userlogin/judge?flowId=userlogin&busicode=9997&subCode=203,,,2026-05-28 10:00:00.000,2026-05-28 10:00:00.000,股票期权业务三级权限开通双录
precious_metal_deferred_delivery_dual_record,VTM,"- ""开贵金属现货延期交收合约权限双录""
- ""贵金属延期交易双录""
- ""现货延期交收双录""
- ""现货黄金延期双录""
- ""现货白银延期双录""",JUMP,/userlogin/judge?flowId=userlogin&busicode=9997&subCode=200,,,2026-05-28 10:00:00.000,2026-05-28 10:00:00.000,贵金属现货合约代理业务-现货延期交收合约权限开通双录
precious_metal_spot_deal_dual_record,VTM,"- ""开贵金属现货实盘合约权限双录""
- ""现货黄金实盘交易双录""
- ""现货白银实盘交易双录""",JUMP,/userlogin/judge?flowId=userlogin&busicode=9997&subCode=account0014,,,2026-05-28 10:00:00.000,2026-05-28 10:00:00.000,贵金属现货合约代理业务-现货实盘合约权限开通双录
preferred_stock_trade_dual_record,VTM,"- ""买优先股双录""
- ""优先股交易双录""",JUMP,/userlogin/judge?flowId=userlogin&busicode=9997&subCode=190,,,2026-05-28 10:00:00.000,2026-05-28 10:00:00.000,优先股交易双录
preferred_stock_transfer_dual_record,VTM,"- ""优先股转让双录""
- ""协议转让双录""",JUMP,/userlogin/judge?flowId=userlogin&busicode=9997&subCode=account0015,,,2026-05-28 10:00:00.000,2026-05-28 10:00:00.000,优先股转让双录
retail_to_professional_dual_record,VTM,"- ""普通投资者转专业投资者双录""
- ""专业投资者认定双录""
- ""投资者类别升级双录""
- ""专业投资者权限开通双录""
- ""专业投资者服务升级双录""
- ""普通投资者升级""",JUMP,/userlogin/judge?flowId=userlogin&busicode=9997&subCode=account0001,,,2026-05-28 10:00:00.000,2026-05-28 10:00:00.000,普通投资者申请转为专业投资者双录
risk_warning_stock_dual_record,VTM,"- ""我要买ST股票，没权限""
- ""买ST股票要录音录像""
- ""风险警示板双录""
- ""警示股权限双录""
- ""带星号股票交易双录""",JUMP,/userlogin/judge?flowId=userlogin&busicode=9997&subCode=account0016,,,2026-05-28 10:00:00.000,2026-05-28 10:00:00.000,风险警示股权限双录
senior_client_dual_record,VTM,"- ""我爸妈要买私募，需要做什么手续""
- ""70多了怎么买私募""
- ""高龄风险双录""",JUMP,/userlogin/judge?flowId=userlogin&busicode=9996&subCode=332,,,2026-05-28 10:00:00.000,2026-05-28 10:00:00.000,"70岁以上高领客户购买私募类产品风险揭示双录"
senior_star_market_dual_record,VTM,"- ""我70多了，还能开科创板吗？""
- ""老人买科创板股票要录音录像""",JUMP,/userlogin/judge?flowId=userlogin&busicode=9997&subCode=account0022,,,2026-05-28 10:00:00.000,2026-05-28 10:00:00.000,高龄客户科创板股票交易双录
spot_forex_business,VTM,"- ""即期结售汇业务""
- ""即期结售汇""
- ""结售汇""
- ""即期外汇""",JUMP,/userlogin/judge?flowId=userlogin&busicode=9996&subCode=391,,,2026-05-28 10:00:00.000,2026-05-28 10:00:00.000,即期结售汇业务双录
star_market_dual_record,VTM,"- ""科创版双录""",JUMP,/userlogin/judge?flowId=userlogin&busicode=9997&subCode=account0020,,,2026-05-28 10:00:00.000,2026-05-28 10:00:00.000,科创板业务双录
stock_pledge_repo_dual_record,VTM,"- ""股票质押融资双录""
- ""质押式回购双录""",JUMP,/userlogin/judge?flowId=userlogin&busicode=9997&subCode=030,,,2026-05-28 10:00:00.000,2026-05-28 10:00:00.000,股票质押式回购双录
call_help,VTM,,JUMP,,,,2026-05-28 10:00:00.000,2026-05-28 10:00:00.000,呼叫帮助
go_home,VTM,,JUMP,/homeaio,,,2026-05-28 10:00:00.000,2026-05-28 10:00:00.000,返回首页
prev_step,VTM,,JUMP,None,,,2026-05-28 10:00:00.000,2026-05-28 10:00:00.000,上一步
agreed_repo_qualification_setting,JZYY,"- ""约定购回式证券交易资质设置""
- ""首次办理约定购回式证券交易业务""
- ""开通约定购回式证券交易资质""
- ""注销约定购回式证券交易资质""
- ""约定购回式证券交易资质""",JUMP,"20191",,,2026-06-08 10:00:00.000,2026-06-08 10:00:00.000,约定购回式证券交易资质设置
bond_repo_agreement_permission_setting,JZYY,"- ""债券质押式协议回购权限设置""
- ""设债券质押式协议回购权限""
- ""债券质押式协议回购权限""
- ""协议回购权限办理""",JUMP,"20287",,,2026-06-08 10:00:00.000,2026-06-08 10:00:00.000,债券质押式协议回购权限设置
capital_account_permission_modify,JZYY,"- ""资金账户权限修改""
- ""修改资金账户权限""
- ""资金账户操作方式修改""
- ""资金权限修改""
- ""资金账户操作方式修改""",JUMP,"20123",,,2026-06-08 10:00:00.000,2026-06-08 10:00:00.000,资金账户权限修改
credit_star_market_permission_setting,JZYY,"- ""信用科创板权限设置""
- ""设信用科创板权限""
- ""信用科创板权限""
- ""开通科创板股票交易""",JUMP,"20390",,,2026-06-08 10:00:00.000,2026-06-08 10:00:00.000,信用科创板权限设置
depositary_receipt_permission_setting,JZYY,"- ""存托凭证交易权限设置""
- ""设存托凭证交易权限""
- ""存托凭证交易权限设""",JUMP,"20183",,,2026-06-08 10:00:00.000,2026-06-08 10:00:00.000,存托凭证交易权限设置
exemption_permission_open,JZYY,"- ""豁免权限开通""
- ""开豁免权限""
- ""可转债豁免权限""
- ""科创板股票豁免权限""
- ""债券专业投资者豁免权限""
- ""创业板股票豁免权限""
- ""退市整理可转债豁免权限""
- ""北交所债券专业投资者豁免权限""
- ""豁免权限""",JUMP,"20255",,,2026-06-08 10:00:00.000,2026-06-08 10:00:00.000,豁免权限开通
org_client_broker_transfer_permission,JZYY,"- ""机构客户券商端转账权限设置""
- ""设机构客户券商端转账权限""
- ""机构客户券商端转账权限""
- ""申请开通券商端转账功能""
- ""托管产品户申请开通券商端转账功能""",JUMP,"20161",,,2026-06-08 10:00:00.000,2026-06-08 10:00:00.000,机构客户券商端转账权限设置
precious_metal_professional_investor_setting,JZYY,"- ""贵金属专业投资者设置""
- ""设贵金属专业投资者""
- ""贵金属专业投资者""
- ""贵金属专业投资者系统身份设置""",JUMP,"20357",,,2026-06-08 10:00:00.000,2026-06-08 10:00:00.000,贵金属专业投资者设置
preferred_stock_transfer_permission_open,JZYY,"- ""优先股转让权限开通""
- ""开优先股转让权限""
- ""优先股转让权限""
- ""优先股交易权限""",JUMP,"20277",,,2026-06-08 10:00:00.000,2026-06-08 10:00:00.000,优先股转让权限开通
professional_investor_setting,JZYY,"- ""专业投资者设置""
- ""专业投资者划分标准""
- ""申请成为专业投资者""
- ""普通投资者转专业投资者""",JUMP,"20057",,,2026-06-08 10:00:00.000,2026-06-08 10:00:00.000,专业投资者设置
sh_trust_qualified_investor_setting,JZYY,"- ""上海信托合格投资者设置""
- ""设上海信托合格投资者""
- ""上海信托合格投资者""",JUMP,"20301",,,2026-06-08 10:00:00.000,2026-06-08 10:00:00.000,上海信托合格投资者设置
shanghai_london_connect_permission_setting,JZYY,"- ""沪伦通交易权限设置""
- ""设沪伦通交易权限""
- ""沪伦通交易权限""",JUMP,"20318",,,2026-06-08 10:00:00.000,2026-06-08 10:00:00.000,沪伦通交易权限设置
special_delisted_stock_permission,JZYY,"- ""特殊退市股票权限""
- ""特殊退市股票""
- ""开通退市整理买入权限""
- ""买入退市股票""",JUMP,"20266",,,2026-06-08 10:00:00.000,2026-06-08 10:00:00.000,特殊退市股票权限
specific_bond_transfer_permission_setting,JZYY,"- ""特定债券转让权限设置""
- ""设特定债券转让权限""
- ""特定债券转让权限""",JUMP,"20394",,,2026-06-08 10:00:00.000,2026-06-08 10:00:00.000,特定债券转让权限设置
stock_repo_qualification_open,JZYY,"- ""股票质押式回购资质开通""
- ""首次进行股票质押式回购交易""
- ""开股票质押式回购资质""
- ""股票质押式回购资质""",JUMP,"20291",,,2026-06-08 10:00:00.000,2026-06-08 10:00:00.000,股票质押式回购资质开通
structured_fund_permission_setting,JZYY,"- ""分级基金权限设置""
- ""设分级基金权限""
- ""分级基金权限""",JUMP,"20285",,,2026-06-08 10:00:00.000,2026-06-08 10:00:00.000,分级基金权限设置
tianhuibao_pledged_quote_repurchase_permission,JZYY,"- ""“天汇宝”质押式报价回购资质设置""
- ""天汇宝资质开通""
- ""天汇宝资质注销""
- ""上交所债券质押式报价回购""
- ""深交所债券质押式报价回购""",JUMP,"20187",,,2026-06-08 10:00:00.000,2026-06-08 10:00:00.000,“天汇宝”质押式报价回购资质设置
account_data_sync,JZYY,"- ""账户资料同步""",JUMP,"20037",,,2026-06-08 10:00:00.000,2026-06-08 10:00:00.000,账户资料同步
add_fund_trading_account,JZYY,"- ""增加基金交易账号""
- ""开放式基金交易""",JUMP,"20408",,,2026-06-08 10:00:00.000,2026-06-08 10:00:00.000,增加基金交易账号
agency_relationship_terminate,JZYY,"- ""代理关系终止""",JUMP,"20006",,,2026-06-08 10:00:00.000,2026-06-08 10:00:00.000,代理关系终止
agreed_repo_securities_trading,JZYY,"- ""约定购回式证券交易业务""",JUMP,"20369",,,2026-06-08 10:00:00.000,2026-06-08 10:00:00.000,约定购回式证券交易业务
asset_withdrawal_restriction_setting,JZYY,"- ""禁取资产设置""
- ""设禁取资产""
- ""禁取资产""
- ""抵押资产可疑账户禁取""",JUMP,"20142",,,2026-06-08 10:00:00.000,2026-06-08 10:00:00.000,禁取资产设置
auxiliary_account_transfer_restriction,JZYY,"- ""辅账户转账限制""
- ""限制客户辅资金账户之间的资金划转业务""
- ""限制客户主辅资金账户之间的资金划转业务""
- ""限制客户辅资金账户转账功能""",JUMP,"20181",,,2026-06-08 10:00:00.000,2026-06-08 10:00:00.000,辅账户转账限制
beneficial_owner_verification,JZYY,"- ""受益所有人核查""",JUMP,"20331",,,2026-06-08 10:00:00.000,2026-06-08 10:00:00.000,受益所有人核查
bind_seat_setting,JZYY,"- ""绑定席位设置""
- ""证券账户使用席位调整""
- ""设绑定席位""
- ""绑定席位""",JUMP,"20346",,,2026-06-08 10:00:00.000,2026-06-08 10:00:00.000,绑定席位设置
bond_conversion_ratio_setting,JZYY,"- ""债券折合比例设置""
- ""设债券折合比例""
- ""债券折合比例""",JUMP,"20094",,,2026-06-08 10:00:00.000,2026-06-08 10:00:00.000,债券折合比例设置
branch_initial_declaration,JZYY,"- ""营业部初始申报""",JUMP,"20195",,,2026-06-08 10:00:00.000,2026-06-08 10:00:00.000,营业部初始申报
branch_repurchase_declaration,JZYY,"- ""营业部购回申报""",JUMP,"20303",,,2026-06-08 10:00:00.000,2026-06-08 10:00:00.000,营业部购回申报
capital_account_freeze,JZYY,"- ""资金账户冻结""
- ""限制资金账户操作""",JUMP,"20107",,,2026-06-08 10:00:00.000,2026-06-08 10:00:00.000,资金账户冻结
capital_account_trade_setting,JZYY,"- ""资金账户交易设置""
- ""资金账户交易行为控制""
- ""资金账户交易市场、买卖类别、证券类别、方向、证券代码设置""",JUMP,"20198",,,2026-06-08 10:00:00.000,2026-06-08 10:00:00.000,资金账户交易设置
capital_flow_write_off,JZYY,"- ""资金流水冲销""
- ""外币资金流水冲销""
- ""外币存取业务当日发错账冲销""
- ""冲销当日现金流水""",JUMP,"20194",,,2026-06-08 10:00:00.000,2026-06-08 10:00:00.000,资金流水冲销
capital_unfreeze,JZYY,"- ""资金解冻""",JUMP,"20340",,,2026-06-08 10:00:00.000,2026-06-08 10:00:00.000,资金解冻
cash_red_cancel_blue_supplement,JZYY,"- ""现金红冲蓝补""",JUMP,"20348",,,2026-06-08 10:00:00.000,2026-06-08 10:00:00.000,现金红冲蓝补
cifaccount_trade_account_import,JZYY,"- ""一户通交易账号导入""",JUMP,"20344",,,2026-06-08 10:00:00.000,2026-06-08 10:00:00.000,一户通交易账号导入
credit_account_relationship_maintenance,JZYY,"- ""信用账户关系维护""
- ""信用账户和证券账户之间的对应关系""
- ""信用证券账户和普通证券账户之间建立对应关系""",JUMP,"20653",,,2026-06-08 10:00:00.000,2026-06-08 10:00:00.000,信用账户关系维护
customer_account_freeze,JZYY,"- ""客户账户冻结""",JUMP,"20013",,,2026-06-08 10:00:00.000,2026-06-08 10:00:00.000,客户账户冻结
customer_account_unfreeze,JZYY,"- ""客户账户解冻""",JUMP,"20014",,,2026-06-08 10:00:00.000,2026-06-08 10:00:00.000,客户账户解冻
customer_questionnaire_assessment,JZYY,"- ""客户问卷测评""",JUMP,"20308",,,2026-06-08 10:00:00.000,2026-06-08 10:00:00.000,客户问卷测评
customer_repo_risk_setting,JZYY,"- ""客户回购风险设置""
- ""设客户回购风险""
- ""客户回购风险""",JUMP,"20131",,,2026-06-08 10:00:00.000,2026-06-08 10:00:00.000,客户回购风险设置
customer_supplement_status_setting,JZYY,"- ""客户补充状态设置""
- ""设客户补充状态""
- ""客户补充状态""
- ""设置客户档案状态""
- ""设置存管状态""
- ""设置清理状态""""",JUMP,"20093",,,2026-06-08 10:00:00.000,2026-06-08 10:00:00.000,客户补充状态设置
customer_visit_handling,JZYY,"- ""客户回访处理""
- ""调整客户代码状态""
- ""恢复客户代码状态""",JUMP,"20085",,,2026-06-08 10:00:00.000,2026-06-08 10:00:00.000,客户回访处理
delisted_securities_share_registration_setting,JZYY,"- ""退市证券份额登记设置""
- ""设退市证券份额登记""
- ""退市证券份额登记""",JUMP,"20361",,,2026-06-08 10:00:00.000,2026-06-08 10:00:00.000,退市证券份额登记设置
existing_customer_agreement_resign,JZYY,"- ""存量客户协议补签""
- ""补签新版本协议""
- ""补签相关协议""",JUMP,"20089",,,2026-06-08 10:00:00.000,2026-06-08 10:00:00.000,存量客户协议补签
fast_system_capital_allocation,JZYY,"- ""快速系统资金调拨""",JUMP,"20341",,,2026-06-08 10:00:00.000,2026-06-08 10:00:00.000,快速系统资金调拨
fast_system_margin_vip_customer_setting,JZYY,"- ""快速系统两融VIP客户设置""
- ""设快速系统两融VIP客户""
- ""快速系统两融VIP客户""",JUMP,"20494",,,2026-06-08 10:00:00.000,2026-06-08 10:00:00.000,快速系统两融VIP客户设置
fast_system_securities_allocation,JZYY,"- ""快速系统证券调拨""
- ""顶点快速交易VIP客户资金或证券冻结""
- ""艾科朗克快速交易VIP客户资金或证券冻结""
- ""顶点快速交易VIP客户资金或证券红冲""
- ""艾科朗克快速交易VIP客户资金或证券红冲""",JUMP,"20342",,,2026-06-08 10:00:00.000,2026-06-08 10:00:00.000,快速系统证券调拨
forex_account_interest_settlement,JZYY,"- ""外汇账户结息归本""",JUMP,"20159",,,2026-06-08 10:00:00.000,2026-06-08 10:00:00.000,外汇账户结息归本
forex_bank_account_management,JZYY,"- ""外汇银行账户管理""",JUMP,"20157",,,2026-06-08 10:00:00.000,2026-06-08 10:00:00.000,外汇银行账户管理
forex_bank_account_unbind,JZYY,"- ""外汇银行账户解绑""",JUMP,"20158",,,2026-06-08 10:00:00.000,2026-06-08 10:00:00.000,外汇银行账户解绑
fund_electronic_contract_correction,JZYY,"- ""基金电子合同补正""",JUMP,"20473",,,2026-06-08 10:00:00.000,2026-06-08 10:00:00.000,基金电子合同补正
identity_info_send_to_bank,JZYY,"- ""身份信息发送存管银行""
- ""身份信息发银行""",JUMP,"20399",,,2026-06-08 10:00:00.000,2026-06-08 10:00:00.000,身份信息发银行
initial_trade_intention_entry,JZYY,"- ""初始交易意向录入""",JUMP,"20189",,,2026-06-08 10:00:00.000,2026-06-08 10:00:00.000,初始交易意向录入
investment_advisory_strategy_setting,JZYY,"- ""投顾策略设置""
- ""设投顾策略""
- ""投顾策略""",JUMP,"20500",,,2026-06-08 10:00:00.000,2026-06-08 10:00:00.000,投顾策略设置
manager_construction,JZYY,"- ""管理人构建""
- ""创建管理人账号""
- ""创建新的管理人""",JUMP,"20701",,,2026-06-08 10:00:00.000,2026-06-08 10:00:00.000,管理人构建
mobile_phone_inconsistency_handling,JZYY,"- ""手机号码不一致处理""",JUMP,"20375",,,2026-06-08 10:00:00.000,2026-06-08 10:00:00.000,手机号码不一致处理
neeq_account_identifier_add,JZYY,"- ""股转账户标识添加""",JUMP,"20307",,,2026-06-08 10:00:00.000,2026-06-08 10:00:00.000,股转账户标识添加
otc_product_dual_recording_sync,JZYY,"- ""OTC产品双录信息同步""",JUMP,"20356",,,2026-06-08 10:00:00.000,2026-06-08 10:00:00.000,OTC产品双录信息同步
partner_org_customer_risk_assessment,JZYY,"- ""合作机构客户风险测评""",JUMP,"20315",,,2026-06-08 10:00:00.000,2026-06-08 10:00:00.000,合作机构客户风险测评
performance_trade_intention_entry,JZYY,"- ""履约交易意向录入""",JUMP,"20190",,,2026-06-08 10:00:00.000,2026-06-08 10:00:00.000,履约交易意向录入
precious_metal_customer_status_setting,JZYY,"- ""贵金属客户状态设置""
- ""设贵金属客户状态""
- ""贵金属客户状态""",JUMP,"20330",,,2026-06-08 10:00:00.000,2026-06-08 10:00:00.000,贵金属客户状态设置
private_bond_code_correction,JZYY,"- ""私募债代码修正""",JUMP,"20095",,,2026-06-08 10:00:00.000,2026-06-08 10:00:00.000,私募债代码修正
product_payment_account_setting,JZYY,"- ""产品支付账户设置""
- ""设产品支付账户""
- ""产品支付账户""",JUMP,"20353",,,2026-06-08 10:00:00.000,2026-06-08 10:00:00.000,产品支付账户设置
repurchase_intention_entry,JZYY,"- ""购回意向录入""",JUMP,"20196",,,2026-06-08 10:00:00.000,2026-06-08 10:00:00.000,购回意向录入
securities_account_controlled,JZYY,"- ""证券账户受控""
- ""证券账户控制""
- ""清理“拖拉机”账户""
- ""证券账户禁止买入限制""",JUMP,"20231",,,2026-06-08 10:00:00.000,2026-06-08 10:00:00.000,证券账户受控
securities_account_freeze,JZYY,"- ""证券账户冻结""",JUMP,"20207",,,2026-06-08 10:00:00.000,2026-06-08 10:00:00.000,证券账户冻结
securities_account_release_control,JZYY,"- ""证券账户解控""",JUMP,"20489",,,2026-06-08 10:00:00.000,2026-06-08 10:00:00.000,证券账户解控
securities_account_same_id_multi_attach,JZYY,"- ""证券账户同号多挂""",JUMP,"20214",,,2026-06-08 10:00:00.000,2026-06-08 10:00:00.000,证券账户同号多挂
securities_account_special_attach,JZYY,"- ""证券账户特殊加挂""
- ""加挂和资金账户不同名的证券账户""",JUMP,"20213",,,2026-06-08 10:00:00.000,2026-06-08 10:00:00.000,证券账户特殊加挂
securities_account_unfreeze,JZYY,"- ""证券账户解冻""",JUMP,"20208",,,2026-06-08 10:00:00.000,2026-06-08 10:00:00.000,证券账户解冻
securities_blue_supplement,JZYY,"- ""证券蓝补""",JUMP,"20335",,,2026-06-08 10:00:00.000,2026-06-08 10:00:00.000,证券蓝补
securities_red_cancel,JZYY,"- ""证券红冲""",JUMP,"20336",,,2026-06-08 10:00:00.000,2026-06-08 10:00:00.000,证券红冲
securities_unfreeze,JZYY,"- ""证券解冻""",JUMP,"20338",,,2026-06-08 10:00:00.000,2026-06-08 10:00:00.000,证券解冻
set_vip_customer,JZYY,"- ""设置VIP客户""
- ""设VIP客户""
- ""VIP客户""",JUMP,"20087",,,2026-06-08 10:00:00.000,2026-06-08 10:00:00.000,设置VIP客户
single_side_account_adjustment,JZYY,"- ""单边账红冲蓝补""
- ""外币银证转账单边账的红冲蓝补""",JUMP,"20193",,,2026-06-08 10:00:00.000,2026-06-08 10:00:00.000,单边账红冲蓝补
small_dormant_freeze_release,JZYY,"- ""小额休眠冻结解除""
- ""休眠眠资金账户激活""",JUMP,"20086",,,2026-06-08 10:00:00.000,2026-06-08 10:00:00.000,小额休眠冻结解除
stock_repo_trading_business,JZYY,"- ""股票质押式回购交易业务""",JUMP,"20370",,,2026-06-08 10:00:00.000,2026-06-08 10:00:00.000,股票质押式回购交易业务
unqualified_account_activation,JZYY,"- ""不合格账户激活""",JUMP,"20072",,,2026-06-08 10:00:00.000,2026-06-08 10:00:00.000,不合格账户激活
unqualified_securities_account_handling,JZYY,"- ""不合格证券账户处理""
- ""不合格证券账户解除限制""
- ""解除中止交易限制""
- ""解除证券卖出限制""",JUMP,"20224",,,2026-06-08 10:00:00.000,2026-06-08 10:00:00.000,不合格证券账户处理
withdrawal_limit_setting,JZYY,"- ""取款额度设置""
- ""设取款额度""
- ""取款额度""",JUMP,"20197",,,2026-06-08 10:00:00.000,2026-06-08 10:00:00.000,取款额度设置
withdrawal_restriction_setting,JZYY,"- ""禁取资金设置""
- ""设禁取资金""
- ""禁取资金""
- ""资金流向可疑账户禁取""",JUMP,"20141",,,2026-06-08 10:00:00.000,2026-06-08 10:00:00.000,禁取资金设置
cancel_vip_customer,JZYY,"- ""取消VIP客户""
- ""取消VIP客户""
- ""关VIP客户""",JUMP,"20088",,,2026-06-08 10:00:00.000,2026-06-08 10:00:00.000,取消VIP客户
capital_unfreeze_cancel,JZYY,"- ""资金解冻取消""
- ""取消资金解冻""
- ""关资金解冻""",JUMP,"20347",,,2026-06-08 10:00:00.000,2026-06-08 10:00:00.000,资金解冻取消
customer_code_cancel,JZYY,"- ""客户代码销户""
- ""销客户代码""
- ""注销客户代码""",JUMP,"20016",,,2026-06-08 10:00:00.000,2026-06-08 10:00:00.000,客户代码销户
exchange_monitor_blacklist_delete,JZYY,"- ""交易所监控黑名单删除""",JUMP,"20501",,,2026-06-08 10:00:00.000,2026-06-08 10:00:00.000,交易所监控黑名单删除
exchange_monitor_whitelist_delete,JZYY,"- ""交易所监控白名单删除""",JUMP,"20502",,,2026-06-08 10:00:00.000,2026-06-08 10:00:00.000,交易所监控白名单删除
exemption_permission_cancel,JZYY,"- ""豁免权限取消""
- ""取消豁免权限""
- ""关豁免权限""",JUMP,"20256",,,2026-06-08 10:00:00.000,2026-06-08 10:00:00.000,豁免权限取消
forex_currency_code_cancel,JZYY,"- ""外汇货币代码销户""
- ""销外汇货币代码""
- ""注销外汇货币代码""",JUMP,"20175",,,2026-06-08 10:00:00.000,2026-06-08 10:00:00.000,外汇货币代码销户
forex_customer_code_cancel,JZYY,"- ""外汇客户代码销户""
- ""销外汇客户代码""
- ""注销外汇客户代码""",JUMP,"20152",,,2026-06-08 10:00:00.000,2026-06-08 10:00:00.000,外汇客户代码销户
fund_electronic_contract_delete,JZYY,"- ""基金电子合同删除""",JUMP,"20472",,,2026-06-08 10:00:00.000,2026-06-08 10:00:00.000,基金电子合同删除
fund_trading_account_cancel,JZYY,"- ""基金交易账号销户""
- ""销基金交易账号""
- ""注销基金交易账号""",JUMP,"20409",,,2026-06-08 10:00:00.000,2026-06-08 10:00:00.000,基金交易账号销户
gem_permission_cancel,JZYY,"- ""创业板权限取消""
- ""取消创业板权限""
- ""关创业板权限""",JUMP,"20252",,,2026-06-08 10:00:00.000,2026-06-08 10:00:00.000,创业板权限取消
otc_options_customer_code_cancel,JZYY,"- ""场外期权客户代码销户""
- ""销场外期权客户代码""
- ""注销场外期权客户代码""",JUMP,"20360",,,2026-06-08 10:00:00.000,2026-06-08 10:00:00.000,场外期权客户代码销户
preferred_stock_transfer_permission_cancel,JZYY,"- ""优先股转让权限注销""
- ""销优先股转让权限""
- ""注销优先股转让权限""
- ""取消投资者的优先股转让权限""",JUMP,"20278",,,2026-06-08 10:00:00.000,2026-06-08 10:00:00.000,优先股转让权限注销
return_swap_customer_code_cancel,JZYY,"- ""收益互换客户代码销户""
- ""销收益互换客户代码""
- ""注销收益互换客户代码""",JUMP,"20491",,,2026-06-08 10:00:00.000,2026-06-08 10:00:00.000,收益互换客户代码销户
securities_freeze_cancel,JZYY,"- ""证券冻结取消""
- ""取消证券冻结""
- ""关证券冻结""",JUMP,"20490",,,2026-06-08 10:00:00.000,2026-06-08 10:00:00.000,证券冻结取消
stock_repo_qualification_cancel,JZYY,"- ""股票质押式回购资质取消""
- ""取消股票质押式回购资质""
- ""关股票质押式回购资质""
- ""注销股票质押式回购资质业务""",JUMP,"20290",,,2026-06-08 10:00:00.000,2026-06-08 10:00:00.000,股票质押式回购资质取消
third_party_custodian_cancel,JZYY,"- ""三方存管销户""
- ""注销三方存管""
- ""撤销存管银行业务""
- ""撤销证券资金账号""
- ""撤销指定银行三方存管服务""
- ""撤销银证转账服务""",JUMP,"20322",,,2026-06-08 10:00:00.000,2026-06-08 10:00:00.000,三方存管销户
unqualified_securities_account_cancel,JZYY,"- ""不合格证券账户销户""
- ""销不合格证券账户""
- ""注销不合格证券账户""",JUMP,"20223",,,2026-06-08 10:00:00.000,2026-06-08 10:00:00.000,不合格证券账户销户
wealth_management_capital_account_cancel,JZYY,"- ""理财资金账户销户""
- ""销理财资金账户""
- ""注销理财资金账户""",JUMP,"20551",,,2026-06-08 10:00:00.000,2026-06-08 10:00:00.000,理财资金账户销户
agent_info_modify,JZYY,"- ""代理人信息修改""
- ""改代理人信息""
- ""修改代理人的非关键信息（证件有效期、手机号码、电子邮箱、联系地址）""",JUMP,"20005",,,2026-06-08 10:00:00.000,2026-06-08 10:00:00.000,代理人信息修改
capital_account_category_modify,JZYY,"- ""资金账户类别修改""
- ""改资金账户类别""",JUMP,"20132",,,2026-06-08 10:00:00.000,2026-06-08 10:00:00.000,资金账户类别修改
capital_account_interest_rate_modify,JZYY,"- ""资金账户利率修改""
- ""改资金账户利率""",JUMP,"20133",,,2026-06-08 10:00:00.000,2026-06-08 10:00:00.000,资金账户利率修改
capital_account_operation_mode_modify,JZYY,"- ""资金账户操作方式修改""
- ""改资金账户操作方式""
- ""证券资金账户操作方式修改""
- ""贵金属资金账户操作方式修改""",JUMP,"20026",,,2026-06-08 10:00:00.000,2026-06-08 10:00:00.000,资金账户操作方式修改
custodian_bank_account_adjustment,JZYY,"- ""存管银行账号调整""",JUMP,"20396",,,2026-06-08 10:00:00.000,2026-06-08 10:00:00.000,存管银行账号调整
custodian_bank_identity_info_modify,JZYY,"- ""存管银行身份信息修改""
- ""改存管银行身份信息""
- ""账户和银行账户身份信息不一致""
- ""股票期权业务的银衍银行身份信息修改""",JUMP,"20398",,,2026-06-08 10:00:00.000,2026-06-08 10:00:00.000,存管银行身份信息修改
customer_code_special_modify,JZYY,"- ""客户代码特殊修改""
- ""改客户代码特殊信息""
- ""机构客户修改客户代码层面的机构产品类型""
- ""机构客户修改客户代码层面的机构简称""
- ""机构客户修改客户代码账户备注""
- ""个人客户修改创业板第二联系人姓名""
- ""个人客户修改第二联系人联系方式""
- ""个人客户修改客户代码账户备注""",JUMP,"20083",,,2026-06-08 10:00:00.000,2026-06-08 10:00:00.000,客户代码特殊修改
forex_account_info_modify,JZYY,"- ""外汇账户信息修改""
- ""改外汇账户信息""",JUMP,"20176",,,2026-06-08 10:00:00.000,2026-06-08 10:00:00.000,外汇账户信息修改
forex_capital_account_business_change,JZYY,"- ""外汇资金账户业务变更""
- ""改外汇资金账户业务""",JUMP,"20173",,,2026-06-08 10:00:00.000,2026-06-08 10:00:00.000,外汇资金账户业务变更
fund_account_info_modify,JZYY,"- ""基金账号资料修改""
- ""改基金账号资料""",JUMP,"20403",,,2026-06-08 10:00:00.000,2026-06-08 10:00:00.000,基金账号资料修改
org_aml_info_modify,JZYY,"- ""机构反洗钱信息修改""
- ""改机构反洗钱信息""",JUMP,"20097",,,2026-06-08 10:00:00.000,2026-06-08 10:00:00.000,机构反洗钱信息修改
org_id_info_modify,JZYY,"- ""机构身份信息修改""
- ""改机构身份信息""
- ""修改机构三要素信息（证件类别、证件号码、客户全称）""",JUMP,"20082",,,2026-06-08 10:00:00.000,2026-06-08 10:00:00.000,机构身份信息修改
org_three_in_one_info_modify,JZYY,"- ""机构三证合一信息修改""
- ""改机构三证合一信息""",JUMP,"20080",,,2026-06-08 10:00:00.000,2026-06-08 10:00:00.000,机构三证合一信息修改
otc_options_info_modify,JZYY,"- ""场外期权信息修改""
- ""改场外期权信息""",JUMP,"20359",,,2026-06-08 10:00:00.000,2026-06-08 10:00:00.000,场外期权信息修改
pboc_report_flag_modify,JZYY,"- ""人行报送标识修改""
- ""改人行报送标识""",JUMP,"20018",,,2026-06-08 10:00:00.000,2026-06-08 10:00:00.000,人行报送标识修改
personal_id_info_modify,JZYY,"- ""个人身份信息修改""
- ""改个人身份信息""
- ""修改三要素信息（证件类别、证件号码、客户全称）""",JUMP,"20081",,,2026-06-08 10:00:00.000,2026-06-08 10:00:00.000,个人身份信息修改
return_swap_info_modify,JZYY,"- ""收益互换信息修改""
- ""改收益互换信息""",JUMP,"20487",,,2026-06-08 10:00:00.000,2026-06-08 10:00:00.000,收益互换信息修改
securities_fund_account_modify,JZYY,"- ""证券理财账户修改""
- ""改证券理财账户""",JUMP,"20352",,,2026-06-08 10:00:00.000,2026-06-08 10:00:00.000,证券理财账户修改
tax_resident_identity_modify,JZYY,"- ""税收居民身份修改""
- ""改税收居民身份""",JUMP,"20211",,,2026-06-08 10:00:00.000,2026-06-08 10:00:00.000,税收居民身份修改
tax_resident_info_modify,JZYY,"- ""税收居民信息修改""
- ""改税收居民信息""",JUMP,"20100",,,2026-06-08 10:00:00.000,2026-06-08 10:00:00.000,税收居民信息修改
ukey_certificate_update,JZYY,"- ""UKEY数字证书更新""
- ""更新UKEY数字证书有效期""
- ""UKEY数字证书有效期延长""",JUMP,"20376",,,2026-06-08 10:00:00.000,2026-06-08 10:00:00.000,UKEY数字证书更新
account_forex_opening,JZYY,"- ""账户外汇开户""
- ""开账户外汇""
- ""账户外汇""",JUMP,"20395",,,2026-06-08 10:00:00.000,2026-06-08 10:00:00.000,账户外汇开户
agency_relationship_establish,JZYY,"- ""代理关系建立""
- ""长期授权委托""
- ""长期授权建立""
- ""长期授权建立代理关系""",JUMP,"20004",,,2026-06-08 10:00:00.000,2026-06-08 10:00:00.000,代理关系建立
customer_code_multi_open_account,JZYY,"- ""客户代码开户(多开)""
- ""开客户代码(多开)""
- ""客户代码(多开)""",JUMP,"20339",,,2026-06-08 10:00:00.000,2026-06-08 10:00:00.000,客户代码开户(多开)
deferred_tax_pension_account_opening,JZYY,"- ""个税递延养老账户开户""
- ""开个税递延养老账户""
- ""个税递延养老账户""",JUMP,"20482",,,2026-06-08 10:00:00.000,2026-06-08 10:00:00.000,个税递延养老账户开户
etf_offline_stock_subscription_pledge_sign,JZYY,"- ""ETF网下股票认购承诺函签署""
- ""签ETF网下股票认购承诺函""
- ""ETF股票认购承诺函""",JUMP,"20483",,,2026-06-08 10:00:00.000,2026-06-08 10:00:00.000,ETF网下股票认购承诺函签署
forex_currency_code_opening,JZYY,"- ""外汇货币代码开户""
- ""开外汇货币代码""
- ""外汇货币代码""",JUMP,"20156",,,2026-06-08 10:00:00.000,2026-06-08 10:00:00.000,外汇货币代码开户
forex_joint_account_opening,JZYY,"- ""外汇账户联合开户""
- ""开外汇账户联合""
- ""外汇账户联合""",JUMP,"20150",,,2026-06-08 10:00:00.000,2026-06-08 10:00:00.000,外汇账户联合开户
fund_electronic_contract_sign,JZYY,"- ""基金电子合同签署""
- ""签基金电子合同""",JUMP,"20471",,,2026-06-08 10:00:00.000,2026-06-08 10:00:00.000,基金电子合同签署
fund_paper_contract_sign,JZYY,"- ""基金纸质合同签署""
- ""签基金纸质合同""",JUMP,"20479",,,2026-06-08 10:00:00.000,2026-06-08 10:00:00.000,基金纸质合同签署
non_third_party_securities_fund_account_opening,JZYY,"- ""非三方证券理财账户开户""
- ""开非三方证券理财账户""
- ""非三方证券理财账户""",JUMP,"20351",,,2026-06-08 10:00:00.000,2026-06-08 10:00:00.000,非三方证券理财账户开户
open_end_fund_risk_disclosure_sign,JZYY,"- ""开放式基金风险揭示书签署""
- ""签开放式基金风险揭示书""",JUMP,"20066",,,2026-06-08 10:00:00.000,2026-06-08 10:00:00.000,开放式基金风险揭示书签署
otc_options_joint_opening,JZYY,"- ""场外期权联合开户""
- ""开场外期权联合""
- ""场外期权联合""",JUMP,"20358",,,2026-06-08 10:00:00.000,2026-06-08 10:00:00.000,场外期权联合开户
product_contract_sign,JZYY,"- ""产品合同签署""
- ""签产品合同""",JUMP,"20355",,,2026-06-08 10:00:00.000,2026-06-08 10:00:00.000,产品合同签署
return_swap_joint_opening,JZYY,"- ""收益互换联合开户""
- ""开收益互换联合""
- ""收益互换联合""",JUMP,"20393",,,2026-06-08 10:00:00.000,2026-06-08 10:00:00.000,收益互换联合开户
securities_account_multi_attach_opening,JZYY,"- ""证券账户开户(多挂)""
- ""开证券账户(多挂)""
- ""证券账户(多挂)""",JUMP,"20232",,,2026-06-08 10:00:00.000,2026-06-08 10:00:00.000,证券账户开户(多挂)
sz_bond_qualification_suspend_open,JZYY,"- ""深圳暂停债券资格开通""
- ""开深圳暂停债券资格""
- ""深圳暂停债券资格""",JUMP,"20275",,,2026-06-08 10:00:00.000,2026-06-08 10:00:00.000,深圳暂停债券资格开通
unified_account_opening_image_parallel,JZYY,"- ""联合开户影像并行""
- ""开联合影像并行""
- ""联合影像并行""",JUMP,"20386",,,2026-06-08 10:00:00.000,2026-06-08 10:00:00.000,联合开户影像并行
whitelist_repo_open,JZYY,"- ""白名单客户开通正回购""
- ""开白名单客户正回购""
- ""白名单客户正回购""
- ""已开通正回购的客户再次开通正回购""",JUMP,"20098",,,2026-06-08 10:00:00.000,2026-06-08 10:00:00.000,白名单客户开通正回购
fund_password_reset,JZYY,"- ""资金密码重置""",JUMP,"20008",,,2026-06-08 10:00:00.000,2026-06-08 10:00:00.000,资金密码重置
transaction_password_reset,JZYY,"- ""交易密码重置""",JUMP,"20010",,,2026-06-08 10:00:00.000,2026-06-08 10:00:00.000,交易密码重置
mobile_phone_query,JZYY,"- ""移动电话查询""
- ""查移动电话""",JUMP,"20333",,,2026-06-08 10:00:00.000,2026-06-08 10:00:00.000,移动电话查询
trading_system_custodian_bank_query,JZYY,"- ""交易系统存管银行查询""
- ""查交易系统存管银行""",JUMP,"20304",,,2026-06-08 10:00:00.000,2026-06-08 10:00:00.000,交易系统存管银行查询
digital_certificate_enhancement,JZYY,"- ""数字证书增信""",JUMP,"20392",,,2026-06-08 10:00:00.000,2026-06-08 10:00:00.000,数字证书增信
